time,v_nodes,f_nodes,path_len
0.08802103996276855,74,297,6
0.034008026123046875,29,117,5
0.12602901458740234,86,345,8
0.06401443481445312,66,265,6
