time,v_nodes,f_nodes,path_len
0.010003089904785156,13,46,12
0.008002281188964844,14,51,14
0.008004903793334961,11,39,11
0.010003089904785156,16,53,13
