time,v_nodes,f_nodes,path_len
0.003999948501586914,7,8,8
0.008001327514648438,11,12,12
0.006001710891723633,7,8,8
0.00400090217590332,6,7,7
