time,v_nodes,f_nodes,path_len
0.008002519607543945,10,36,8
0.004001140594482422,5,21,6
0.008002042770385742,9,30,7
0.007001638412475586,6,25,7
