time,v_nodes,f_nodes,path_len
4.083918571472168,526,2105,9
0.35908055305480957,136,545,6
5.9373321533203125,649,2597,9
3.791851758956909,463,1853,9
