time,v_nodes,f_nodes,path_len
0.025005578994750977,24,83,21
0.021005630493164062,20,74,19
0.020003795623779297,17,61,17
0.026006460189819336,27,98,25
