time,v_nodes,f_nodes,path_len
0.015002727508544922,15,16,16
0.008002519607543945,8,9,9
0.010002613067626953,8,9,9
0.027005910873413086,16,17,17
