time,v_nodes,f_nodes,path_len
0.015003681182861328,10,34,8
0.00800180435180664,6,25,7
0.015003681182861328,13,45,8
0.012003183364868164,10,38,8
