time,v_nodes,f_nodes,path_len
2.061462879180908,299,1197,8
73.98206353187561,1435,5741,10
39.20097517967224,1124,4497,11
128.66429018974304,2862,11449,10
