time,v_nodes,f_nodes,path_len
0.042008399963378906,32,116,32
0.037007808685302734,29,104,27
0.038008689880371094,27,95,26
0.04200935363769531,29,98,23
