time,v_nodes,f_nodes,path_len
0.03200721740722656,21,22,22
0.042009592056274414,22,23,23
0.019004106521606445,15,16,16
0.03000664710998535,18,19,19
