time,v_nodes,f_nodes,path_len
0.21204781532287598,43,149,10
0.03200721740722656,15,49,8
1.6241655349731445,91,316,11
0.028005599975585938,14,46,9
