time,v_nodes,f_nodes,path_len
388.16316986083984,4903,19613,10
280.6129994392395,3019,12077,10
334.64587116241455,5285,21141,10
628.9486429691315,6203,24813,12

