time,v_nodes,f_nodes,path_len
0.07401728630065918,32,114,29
0.09402108192443848,33,118,31
0.08401942253112793,37,134,36
0.05201148986816406,28,97,24
