time,v_nodes,f_nodes,path_len
0.12202572822570801,29,30,30
0.058012962341308594,19,20,20
0.06201434135437012,25,26,26
0.06401395797729492,22,23,23
