time,v_nodes,f_nodes,path_len
0.7691717147827148,59,188,10
0.19204282760620117,39,131,10
0.516115665435791,53,181,11
3.127701997756958,94,339,11
